{"cameraMode":{"drawMode":0,"name":"Shaded","section":"Shading Mode"},"sceneLighting":true,"audioPlay":false,"sceneViewState":{"m_AlwaysRefresh":false,"showFog":true,"showSkybox":true,"showFlares":true,"showImageEffects":true,"showParticleSystems":true,"showVisualEffectGraphs":true,"m_FxEnabled":true},"in2DMode":false,"pivot":{"x":-0.8745059370994568,"y":-2.9563353061676027,"z":3.656010389328003},"rotation":{"x":-0.3328882157802582,"y":0.17040322721004487,"z":-0.06129561364650726,"w":-0.9254032969474793},"size":3.0205612182617189,"orthographic":false}